Timestamp,Latitude,Longitude
2024-10-28 12:28:13,-17.144340592134,30.352648594987
2024-10-28 12:28:24,-17.687071211523,30.790234524238
2024-10-28 12:28:35,-18.228546278698,31.23069374308
2024-10-28 12:28:45,-18.719669175616,31.633695204849
2024-10-28 12:28:56,-19.258621795095,32.079939792
2024-10-28 12:29:07,-19.796179739717,32.529369684506
2024-10-28 12:29:18,-20.33229736533,32.982098250327
2024-10-28 12:29:28,-20.818381353553,33.396623229275
2024-10-28 12:29:40,-21.400000691805,33.897892644883
2024-10-28 12:29:51,-21.931482329138,34.361186228577
2024-10-28 12:30:01,-22.413218740859,34.785617412245
2024-10-28 12:30:12,-22.941501944363,35.256177382308
2024-10-28 12:30:28,-23.706764900511,35.947765092253
2024-10-28 12:30:38,-24.183090907259,36.384449724803
2024-10-28 12:30:49,-24.705238902463,36.868878254898
2024-10-28 12:31:00,-25.225436218026,37.357701595205
2024-10-28 12:31:11,-25.74361776456,37.851042956743
2024-10-28 12:31:22,-26.212891798035,38.303565522188
2024-10-28 12:31:32,-26.727055359444,38.805895778775
2024-10-28 12:31:43,-27.23901686918,39.313122697552
2024-10-28 12:31:54,-27.74871312138,39.825383551326
2024-10-28 12:32:05,-28.256071870399,40.3428098743
2024-10-28 12:32:15,-28.715223334172,40.817798821002
2024-10-28 12:32:26,-29.217926985956,41.345471874828
2024-10-28 12:32:37,-29.718088139927,41.878717361412
2024-10-28 12:32:52,-30.395888350524,42.61510256803
2024-10-28 12:33:02,-30.844951893502,43.112106220417
2024-10-28 12:33:13,-31.336251254666,43.664581955554
2024-10-28 12:33:24,-31.82467060671,44.2232426043
2024-10-28 12:33:35,-32.310130309569,44.788240302988
2024-10-28 12:33:46,-32.792541570326,45.359720230863
2024-10-28 12:33:56,-33.228380186312,45.885001087999
2024-10-28 12:34:07,-33.704732560146,46.469280982643
2024-10-28 12:34:18,-34.177776545081,47.060483577666
2024-10-28 12:34:30,-34.647421949704,47.658766347985
2024-10-28 12:34:41,-35.155769563832,48.319688997835
2024-10-28 12:34:51,-35.576124124727,48.877179287214
2024-10-28 12:35:03,-36.034982092895,49.497618132846
2024-10-28 12:35:13,-36.490043685889,50.125754318509
2024-10-28 12:35:24,-36.941200143296,50.761737613279
2024-10-28 12:35:35,-37.388346858199,51.405726599401
2024-10-28 12:35:47,-37.871436572991,52.11756503775
2024-10-28 12:35:58,-38.309836053924,52.77878225229
2024-10-28 12:36:09,-38.743873041875,53.448470336088
2024-10-28 12:36:20,-39.173432376901,54.126783222373
2024-10-28 12:36:31,-39.59838998207,54.813862896658
2024-10-28 12:36:42,-40.018625421114,55.509858843992
2024-10-28 12:36:53,-40.434009463018,56.214907511326
2024-10-28 12:37:04,-40.80731609709,56.863837899561
2024-10-28 12:37:14,-41.213081561997,57.58655429987
2024-10-28 12:37:25,-41.613616844146,58.318719384673
2024-10-28 12:37:36,-42.008782754202,59.060453241182
2024-10-28 12:37:47,-42.398441993272,59.811878514957
2024-10-28 12:37:57,-42.747781868344,60.503501349359
2024-10-28 12:38:08,-43.126534116446,61.27373918454
2024-10-28 12:38:19,-43.499363537255,62.053983569593
2024-10-28 12:38:30,-43.866119364511,62.844321377245
2024-10-28 12:38:40,-44.194139546481,63.571645480976
2024-10-28 12:38:51,-44.548884097705,64.381483004424
2024-10-28 12:39:02,-44.897115121762,65.2016369785
2024-10-28 12:39:13,-45.238674238979,66.032155702901
2024-10-28 12:39:23,-45.543261592706,66.79620587726
2024-10-28 12:39:34,-45.871648512532,67.646628447524
2024-10-28 12:39:45,-46.192901506621,68.507504141454
2024-10-28 12:39:56,-46.506861669182,69.37884317601
2024-10-28 12:40:07,-46.813364565177,70.260628193107
2024-10-28 12:40:18,-47.112249655183,71.152838936774
2024-10-28 12:40:29,-47.403351589329,72.055425645342
2024-10-28 12:40:39,-47.661100423004,72.884918817546
2024-10-28 12:40:51,-47.96155742467,73.891479796358
2024-10-28 12:41:02,-48.204429270954,74.739510999759
2024-10-28 12:41:12,-48.463547046437,75.681918627654
2024-10-28 12:41:23,-48.714087029638,76.634231631942
2024-10-28 12:41:34,-48.95588824712,77.59628715953
2024-10-28 12:41:45,-49.188795227863,78.567915175924
2024-10-28 12:41:56,-49.412651324653,79.548909875284
2024-10-28 12:42:07,-49.62730593283,80.539057749316
2024-10-28 12:42:18,-49.832608359958,81.538108622295
2024-10-28 12:42:28,-50.011009587939,82.453843046376
2024-10-28 12:42:39,-50.198059138926,83.469145442005
2024-10-28 12:42:50,-50.375344526735,84.492516507454
2024-10-28 12:43:01,-50.542734257138,85.523633319237
2024-10-28 12:43:12,-50.700099566058,86.562136002052
2024-10-28 12:43:24,-50.834358524919,87.512331867629
2024-10-28 12:43:35,-50.996216033195,88.755760784248
2024-10-28 12:43:46,-51.121856146296,89.814653406807
2024-10-28 12:43:57,-51.23701394936,90.879273701974
2024-10-28 12:44:08,-51.341596001469,91.949175260063
2024-10-28 12:44:19,-51.427419643758,92.925993086143
2024-10-28 12:44:29,-51.511577210548,94.00464755438
2024-10-28 12:44:40,-51.584929154082,95.087161607833
2024-10-28 12:44:51,-51.647413741491,96.173029794854
2024-10-28 12:45:02,-51.698977140238,97.26171934599
2024-10-28 12:45:12,-51.736338700995,98.253439539061
2024-10-28 12:45:23,-51.766938047502,99.346035694517
2024-10-28 12:45:34,-51.786513533095,100.43987744377
2024-10-28 12:45:45,-51.795048490105,101.53442018055
2024-10-28 12:45:56,-51.793220629772,102.52959352116
2024-10-28 12:46:06,-51.780666251113,103.62392505392
2024-10-28 12:46:17,-51.757077272817,104.7173350712
2024-10-28 12:46:28,-51.722474372285,105.80928046648
2024-10-28 12:46:39,-51.676888165926,106.89920730121
2024-10-28 12:46:50,-51.625948125706,107.88785238957
2024-10-28 12:47:00,-51.559511674605,108.97244413531
2024-10-28 12:47:11,-51.482232556245,110.05348353839
2024-10-28 12:47:22,-51.394177292885,111.13045428178
2024-10-28 12:47:33,-51.295420100735,112.20286558679
2024-10-28 12:47:43,-51.19642302129,113.17342877452
2024-10-28 12:47:54,-51.077471126584,114.23581767495
2024-10-28 12:48:05,-50.948079011247,115.29230246784
2024-10-28 12:48:16,-50.80835228008,116.34244693707
2024-10-28 12:48:27,-50.672452583988,117.29128485919
2024-10-28 12:48:37,-50.513310132808,118.32821421017
2024-10-28 12:48:48,-50.344173642021,119.35767866787
2024-10-28 12:48:59,-50.16517324728,120.37932298208
2024-10-28 12:49:10,-49.976441689987,121.39282890535
2024-10-28 12:49:20,-49.796540990677,122.30687366699
2024-10-28 12:49:31,-49.589622713509,123.30400815324
2024-10-28 12:49:42,-49.373388354373,124.29218373428
2024-10-28 12:49:53,-49.147989489218,125.27115497706
2024-10-28 12:50:04,-48.913577486819,126.24071303824
2024-10-28 12:50:14,-48.692786699549,127.11379127697
2024-10-28 12:50:25,-48.441603378868,128.06485105489
2024-10-28 12:50:36,-48.181867212249,129.00598543359
2024-10-28 12:50:47,-47.913737261071,129.93706853028
2024-10-28 12:50:58,-47.637377553876,130.85798077193
2024-10-28 12:51:08,-47.379136004016,131.68627208385
2024-10-28 12:51:19,-47.0875145344,132.58753338536
2024-10-28 12:51:30,-46.788138010416,133.47840340028
2024-10-28 12:51:41,-46.481167476895,134.35884743985
2024-10-28 12:51:51,-46.195652414846,135.15017719414
2024-10-28 12:52:02,-45.874637852886,136.01065523939
2024-10-28 12:52:13,-45.546503123416,136.86067156279
2024-10-28 12:52:24,-45.21140601367,137.70025077582
2024-10-28 12:52:34,-44.900866312647,138.45446879619
2024-10-28 12:52:45,-44.552919550371,139.27421495183
2024-10-28 12:52:56,-44.19847072038,140.08364371221
2024-10-28 12:53:07,-43.837671247597,140.88282649938
2024-10-28 12:53:18,-43.470675832972,141.67183307138
2024-10-28 12:53:29,-43.09763315195,142.45075131914
2024-10-28 12:53:43,-42.614337438232,143.42766176391
2024-10-28 12:53:54,-42.228095590833,144.18401505962
2024-10-28 12:54:05,-41.836282983238,144.93061174027
2024-10-28 12:54:16,-41.439036811058,145.66757417782
2024-10-28 12:54:26,-41.07330710211,146.32927831273
2024-10-28 12:54:37,-40.666070355933,147.04818790226
2024-10-28 12:54:48,-40.253796094847,147.75782869072
2024-10-28 12:54:59,-39.836611397498,148.45834206516
2024-10-28 12:55:10,-39.414646800391,149.14986272279
2024-10-28 12:55:21,-38.988024085483,149.83253869642
2024-10-28 12:55:31,-38.596248634589,150.4455964048
2024-10-28 12:55:42,-38.161074971525,151.11178628714
2024-10-28 12:55:53,-37.72159154378,151.76956121933
2024-10-28 12:56:04,-37.277916261258,152.41906766942
2024-10-28 12:56:14,-36.871028760823,153.00248590906
2024-10-28 12:56:25,-36.419657026199,153.63663593329
2024-10-28 12:56:36,-35.964409365473,154.26296812522
2024-10-28 12:56:47,-35.505393961496,154.8816322809
2024-10-28 12:56:57,-35.084920637921,155.43753460067
2024-10-28 12:57:08,-34.618991472552,156.04199311557
2024-10-28 12:57:19,-34.149584232053,156.6392349281
2024-10-28 12:57:30,-33.676792749241,157.22941584539
2024-10-28 12:57:40,-33.24412703773,157.75994185474
2024-10-28 12:57:51,-32.765135220582,158.33706292094
2024-10-28 12:58:02,-32.28302793911,158.90756158299
2024-10-28 12:58:13,-31.797888644304,159.47159229827
2024-10-28 12:58:24,-31.354296305864,159.97885682507
2024-10-28 12:58:34,-30.863606037154,160.53094863457
2024-10-28 12:58:45,-30.370128721536,161.07699856346
2024-10-28 12:58:56,-29.873939895316,161.61715576665
2024-10-28 12:59:07,-29.375120455655,162.15155995138
2024-10-28 12:59:17,-28.919427251271,162.63251115112
2024-10-28 12:59:28,-28.415788419209,163.15633123725
2024-10-28 12:59:39,-27.909733573082,163.67480725344
2024-10-28 12:59:50,-27.401329423753,164.18808031759
2024-10-28 13:00:01,-26.890648471992,164.6962822998
2024-10-28 13:00:11,-26.424470240202,165.15399992513
2024-10-28 13:00:22,-25.909624429511,165.65289471724
2024-10-28 13:00:33,-25.392689341449,166.14710684965
2024-10-28 13:00:44,-24.873731630502,166.63676156724
2024-10-28 13:00:54,-24.400246671115,167.07805618007
2024-10-28 13:01:05,-23.877591647789,167.55936715131
2024-10-28 13:01:16,-23.353089154773,168.03648578745
2024-10-28 13:01:27,-22.826793029627,168.50953771494
2024-10-28 13:01:37,-22.346836319468,168.93615442926
2024-10-28 13:01:48,-21.817275417136,169.40177238622
2024-10-28 13:01:59,-21.286085730468,169.86366600963
2024-10-28 13:02:10,-20.753316510948,170.32195436224
2024-10-28 13:02:20,-20.26765731294,170.73554480803
2024-10-28 13:02:31,-19.73202007954,171.1872626667
2024-10-28 13:02:42,-19.194955912617,171.63569955135
2024-10-28 13:02:54,-18.607494095535,172.12129367297
2024-10-28 13:03:05,-18.067600194947,172.56322644449
2024-10-28 13:03:24,-17.132066103172,173.31969041853
2024-10-28 13:03:35,-16.638228051904,173.71448210889
2024-10-28 13:03:45,-16.093899577617,174.14620837248
2024-10-28 13:03:56,-15.548458754696,174.57536451322
2024-10-28 13:04:07,-15.001947337567,175.00205270294
2024-10-28 13:04:18,-14.454406379823,175.42637388296
2024-10-28 13:04:29,-13.905882290773,175.84842319066
2024-10-28 13:04:39,-13.406402135557,176.23021769579
2024-10-28 13:04:51,-12.806043227325,176.68609983737
2024-10-28 13:05:02,-12.25481005303,177.10191826338
2024-10-28 13:05:13,-11.702757431579,177.51584713788
2024-10-28 13:05:23,-11.200209676891,177.8905877593
2024-10-28 13:05:34,-10.646698296025,178.30117003377
2024-10-28 13:05:45,-10.092477238327,178.71013421506
2024-10-28 13:05:56,-9.537588806787,179.1175679476
2024-10-28 13:06:07,-8.9820667866862,179.52356408036
2024-10-28 13:06:17,-8.4765319181304,179.89147649091
2024-10-28 13:06:28,-7.9199079314222,-179.70502817426
2024-10-28 13:06:39,-7.3627624509201,-179.30271551345
2024-10-28 13:06:50,-6.8051299450893,-178.90149717439
2024-10-28 13:07:00,-6.2977969340036,-178.53762825969
2024-10-28 13:07:11,-5.7393350105609,-178.13825866994
2024-10-28 13:07:22,-5.1804886843664,-177.73973101143
2024-10-28 13:07:33,-4.6212975737965,-177.34196282813
2024-10-28 13:07:43,-4.1126685590871,-176.98094006593
2024-10-28 13:07:54,-3.5529133081722,-176.58438329225
2024-10-28 13:08:05,-2.9929115319434,-176.18833675345
2024-10-28 13:08:16,-2.4327022349664,-175.79271922434
2024-10-28 13:08:28,-1.8213648384806,-175.361524189
2024-10-28 13:08:39,-1.2608297213746,-174.96652970372
2024-10-28 13:08:49,-0.75116048003501,-174.60759082309
2024-10-28 13:09:00,-0.19046023420374,-174.21284592173
2024-10-28 13:09:11,0.37027616324793,-173.81811029535
2024-10-28 13:09:22,0.93101615097289,-173.42329900425
2024-10-28 13:09:33,1.4917209874202,-173.02833139347
2024-10-28 13:09:44,2.0523600851682,-172.63312093949
2024-10-28 13:09:55,2.6128945830636,-172.2375867652
2024-10-28 13:10:06,3.1732937281576,-171.84164203098
2024-10-28 13:10:17,3.7335184526626,-171.44520546603
2024-10-28 13:10:28,4.2935377486705,-171.04818973792
2024-10-28 13:10:39,4.8024348098799,-170.68669491658
2024-10-28 13:10:49,5.3619599305892,-170.28834067175
2024-10-28 13:11:00,5.9211724109004,-169.88916263936
2024-10-28 13:11:11,6.4800404815126,-169.48907201171
2024-10-28 13:11:22,7.0385239451309,-169.08798534821
2024-10-28 13:11:33,7.5965905050675,-168.68581282311
2024-10-28 13:11:44,8.1541994005634,-168.28246991883
2024-10-28 13:11:54,8.6606902614221,-167.91470342611
2024-10-28 13:12:05,9.2173283359274,-167.50887675561
2024-10-28 13:12:16,9.7734001381406,-167.10162164928
2024-10-28 13:12:27,10.328871663166,-166.69284502219
2024-10-28 13:12:38,10.883700356694,-166.28245897343
2024-10-28 13:12:48,11.387503468799,-165.90790403539
2024-10-28 13:12:59,11.9410003021,-165.49418716649
2024-10-28 13:13:10,12.493743758818,-165.07858856864
2024-10-28 13:13:21,13.045689413701,-164.66101689306
2024-10-28 13:13:32,13.596800370835,-164.24137369214
2024-10-28 13:13:43,14.147031085456,-163.81956559544
2024-10-28 13:13:54,14.69634345969,-163.39549198506
2024-10-28 13:14:04,15.19488208027,-163.00792418989
2024-10-28 13:14:15,15.742316108911,-162.5792550477
2024-10-28 13:14:26,16.288705501922,-162.14803002475
2024-10-28 13:14:37,16.834001464649,-161.71415006033
2024-10-28 13:14:48,17.378162425388,-161.2775084623
2024-10-28 13:14:58,17.871826940727,-160.87807957498
2024-10-28 13:15:09,18.413687847815,-160.43587644302
2024-10-28 13:15:20,18.954272591438,-159.99060595967
2024-10-28 13:15:31,19.49353625712,-159.54215586629
2024-10-28 13:15:42,20.031425097574,-159.09041894398
2024-10-28 13:15:52,20.519183068886,-158.67679932385
2024-10-28 13:16:03,21.054309167835,-158.21847198739
2024-10-28 13:16:14,21.587913824991,-157.75652418267
2024-10-28 13:16:25,22.119939318262,-157.29084259228
2024-10-28 13:16:36,22.650332658408,-156.82130717291
2024-10-28 13:16:46,23.131047005191,-156.39100967564
2024-10-28 13:16:57,23.658167581808,-155.91378211513
2024-10-28 13:17:08,24.183491298046,-155.43234492213
2024-10-28 13:17:19,24.706954561321,-154.94657650618
2024-10-28 13:17:29,25.181168183349,-154.50110013267
2024-10-28 13:17:40,25.700912544116,-154.00670579695
2024-10-28 13:17:51,26.218618674691,-153.507602544
2024-10-28 13:18:02,26.734217543765,-153.00366190795
2024-10-28 13:18:13,27.24764615615,-152.49474628063
2024-10-28 13:18:23,27.712455518562,-152.02766753355
2024-10-28 13:18:34,28.221544325566,-151.50888123411
2024-10-28 13:18:45,28.72825950553,-150.9847201088
2024-10-28 13:18:56,29.232524156747,-150.45504711768
2024-10-28 13:19:06,29.688760638923,-149.96861943433
2024-10-28 13:19:17,30.188140846029,-149.4280227403
2024-10-28 13:19:28,30.684851011929,-148.88149080258
2024-10-28 13:19:39,31.178807092894,-148.32888026187
2024-10-28 13:19:50,31.669930316823,-147.77003819589
2024-10-28 13:20:00,32.113873689136,-147.25646940644
2024-10-28 13:20:11,32.599347358347,-146.68531816912
2024-10-28 13:20:22,33.08173675403,-146.10749433667
2024-10-28 13:20:33,33.560947738439,-145.52284814499
2024-10-28 13:20:44,34.036890976741,-144.9312202943
2024-10-28 13:20:54,34.466648066415,-144.38719079214
2024-10-28 13:21:05,34.936083433824,-143.78180482902
2024-10-28 13:21:16,35.401964370716,-143.1689861312
2024-10-28 13:21:27,35.864192253793,-142.54857266886
2024-10-28 13:21:38,36.322659207188,-141.92041125962
2024-10-28 13:21:49,36.777261583944,-141.28433964262
2024-10-28 13:22:00,37.227886513888,-140.64020511341
2024-10-28 13:22:10,37.634002961649,-140.04749496661
2024-10-28 13:22:21,38.076724202667,-139.38752855008
2024-10-28 13:22:32,38.515136206932,-138.71904355098
2024-10-28 13:22:43,38.949120754407,-138.04188417967
2024-10-28 13:22:54,39.378552189702,-137.35590398397
2024-10-28 13:23:05,39.764891147756,-136.72450074225
2024-10-28 13:23:15,40.185283437847,-136.02126427281
2024-10-28 13:23:26,40.600754073166,-135.30877605547
2024-10-28 13:23:37,41.011166985188,-134.58690140637
2024-10-28 13:23:48,41.416389465122,-133.85549928908
2024-10-28 13:23:58,41.780150559748,-133.18221475337
2024-10-28 13:24:09,42.175074725763,-132.43226933472
2024-10-28 13:24:20,42.564395757286,-131.67243572104
2024-10-28 13:24:31,42.94797062952,-130.90259433103
2024-10-28 13:24:42,43.325648198493,-130.12264390167
2024-10-28 13:24:53,43.69727915227,-129.33248256774
2024-10-28 13:25:03,44.029751137801,-128.60521382862
2024-10-28 13:25:14,44.389411763099,-127.79531537692
2024-10-28 13:25:25,44.742575918222,-126.97496618098
2024-10-28 13:25:36,45.089081975772,-126.14411097891
2024-10-28 13:25:47,45.428771632454,-125.30269405899
2024-10-28 13:25:58,45.7614799419,-124.450684406
2024-10-28 13:26:09,46.05774833236,-123.66691167651
2024-10-28 13:26:19,46.376674818502,-122.79461929677
2024-10-28 13:26:30,46.688142309509,-121.91169851536
2024-10-28 13:26:41,46.991981682837,-121.018175509
2024-10-28 13:26:52,47.288027789639,-120.11408010037
2024-10-28 13:27:03,47.576110847558,-119.19947273141
2024-10-28 13:27:14,47.856064391316,-118.27442221835
2024-10-28 13:27:25,48.127722209662,-117.33901627502
2024-10-28 13:27:36,48.390915836377,-116.39337268394
2024-10-28 13:27:47,48.645481784196,-115.43761594099
2024-10-28 13:27:57,48.86927895952,-114.56010411266
2024-10-28 13:28:08,49.106918249344,-113.5854887788
2024-10-28 13:28:19,49.335456479692,-112.60127160904
2024-10-28 13:28:30,49.554737815022,-111.60766222787
2024-10-28 13:28:40,49.745920244927,-110.6964380549
2024-10-28 13:28:51,49.947101736295,-109.68558985162
2024-10-28 13:29:02,50.138585516182,-108.66611804738
2024-10-28 13:29:13,50.320229916563,-107.63832207083
2024-10-28 13:29:24,50.491895343135,-106.60253932404
2024-10-28 13:29:35,50.653449471763,-105.55911867544
2024-10-28 13:29:46,50.804765542135,-104.50843120458
2024-10-28 13:29:56,50.933338344599,-103.54729474551
2024-10-28 13:30:07,51.064777060142,-102.48386089663
2024-10-28 13:30:18,51.185642961737,-101.41437985009
2024-10-28 13:30:29,51.295836153047,-100.3392993568
2024-10-28 13:30:39,51.386671246054,-99.357499419243
2024-10-28 13:30:50,51.476237032536,-98.273066543056
2024-10-28 13:31:01,51.554881775835,-97.184466437021
2024-10-28 13:31:12,51.622537700604,-96.092210375537
2024-10-28 13:31:23,51.679145027495,-94.996838186857
2024-10-28 13:31:33,51.720976624571,-93.99879388515
2024-10-28 13:31:44,51.756361047974,-92.898975802382
2024-10-28 13:31:55,51.780578233086,-91.797644029122
2024-10-28 13:32:06,51.793606554637,-90.695354304215
2024-10-28 13:32:17,51.795434034045,-89.592681890081
2024-10-28 13:32:28,51.786058771999,-88.490187303545
2024-10-28 13:32:39,51.765488903053,-87.388446533338
2024-10-28 13:32:50,51.733742285862,-86.28801675856
2024-10-28 13:33:00,51.695206350997,-85.289242279581
2024-10-28 13:33:11,51.642208045285,-84.192873983576
2024-10-28 13:33:22,51.578141306033,-83.099435266896
2024-10-28 13:33:33,51.503061396681,-82.009454047254
2024-10-28 13:33:44,51.417033760296,-80.923462210001
2024-10-28 13:33:55,51.320131552059,-79.841962067873
2024-10-28 13:34:06,51.212437850634,-78.765456585313
2024-10-28 13:34:17,51.094042489662,-77.694416320538
2024-10-28 13:34:27,50.977207252517,-76.725880377965
2024-10-28 13:34:38,50.838662597724,-75.666547868033
2024-10-28 13:34:49,50.689723247739,-74.613966534762
2024-10-28 13:35:00,50.530509495577,-73.56854644578
2024-10-28 13:35:11,50.361145662839,-72.53066071986
2024-10-28 13:35:21,50.198482059859,-71.593974890354
2024-10-28 13:35:32,50.010111115515,-70.571456921005
2024-10-28 13:35:43,49.811988002729,-69.557460854734
2024-10-28 13:35:54,49.604256998783,-68.552271263195
2024-10-28 13:36:05,49.387069410808,-67.556164331992
2024-10-28 13:36:15,49.181548320568,-66.658697919412
2024-10-28 13:36:26,48.946733602738,-65.680583128339
2024-10-28 13:36:37,48.702917092592,-64.712202437238
2024-10-28 13:36:48,48.450258437407,-63.753728763533
2024-10-28 13:36:59,48.188922860379,-62.805327315503
2024-10-28 13:37:09,47.943952380379,-61.951993383656
2024-10-28 13:37:20,47.666508971529,-61.023176912392
2024-10-28 13:37:31,47.380869407532,-60.104767397784
2024-10-28 13:37:42,47.08720312683,-59.196850343593
2024-10-28 13:37:52,46.813408419009,-58.380624026749
2024-10-28 13:38:03,46.504880371503,-57.492880647057
2024-10-28 13:38:14,46.188812413117,-56.615756200516
2024-10-28 13:38:25,45.865368582934,-55.749255130255
2024-10-28 13:38:36,45.534716681253,-54.893379308798
2024-10-28 13:38:47,45.197018577302,-54.048103539741
2024-10-28 13:38:57,44.884045035047,-53.288847491195
2024-10-28 13:39:08,44.533348522907,-52.46371302439
2024-10-28 13:39:19,44.176077839482,-51.649055291074
2024-10-28 13:39:30,43.812388310463,-50.844800966355
2024-10-28 13:39:40,43.476324877876,-50.122628163525
2024-10-28 13:39:51,43.100814857979,-49.338016652639
2024-10-28 13:40:02,42.719336247426,-48.563562263781
2024-10-28 13:40:13,42.332035650114,-47.799155819389
2024-10-28 13:40:23,41.975018162291,-47.112871650758
2024-10-28 13:40:34,41.577012997871,-46.367341978087
2024-10-28 13:40:45,41.173606342893,-45.631519382672
2024-10-28 13:40:56,40.764940695106,-44.905280430006
2024-10-28 13:41:07,40.351149974281,-44.188486045287
2024-10-28 13:41:18,39.970644775821,-43.544938742131
2024-10-28 13:41:28,39.547443190739,-42.845793111564
2024-10-28 13:41:39,39.119502653574,-42.155685077322
2024-10-28 13:41:50,38.686946444797,-41.474461602174
2024-10-28 13:42:01,38.249901445358,-40.80197719918
2024-10-28 13:42:12,37.808485492549,-40.138074409676
2024-10-28 13:42:22,37.403507659701,-39.541847625761
2024-10-28 13:42:33,36.954078324578,-38.893905595846
2024-10-28 13:42:44,36.500615010452,-38.254093222431
2024-10-28 13:42:55,36.043231784389,-37.62225800956
2024-10-28 13:43:06,35.582033494519,-36.998237729657
2024-10-28 13:43:17,35.11712918896,-36.381879175771
2024-10-28 13:43:28,34.648618663224,-35.773020139594
2024-10-28 13:43:39,34.219658358902,-35.225891067115
2024-10-28 13:43:49,33.744544261429,-34.630916910543
2024-10-28 13:44:00,33.266113917727,-34.042990279783
2024-10-28 13:44:11,32.784457766639,-33.461951382122
2024-10-28 13:44:22,32.299671020072,-32.887649945572
2024-10-28 13:44:32,31.856312821352,-32.371273122754
2024-10-28 13:44:43,31.365791022478,-31.809402986228
2024-10-28 13:44:54,30.872393075042,-31.253827398659
2024-10-28 13:45:05,30.376198757936,-30.704392699906
2024-10-28 13:45:16,29.877293093716,-30.160954801772
2024-10-28 13:45:27,29.375751883866,-29.62336317841
2024-10-28 13:45:38,28.871656358329,-29.091476829397
2024-10-28 13:45:48,28.411231284705,-28.612770249287
2024-10-28 13:45:59,27.902464607207,-28.091375641856
2024-10-28 13:46:10,27.391355285359,-27.575270448778
2024-10-28 13:46:21,26.87797773248,-27.06432023092
2024-10-28 13:46:32,26.362397231947,-26.5583848178
2024-10-28 13:46:43,25.844685007734,-26.057333273022
2024-10-28 13:46:53,25.372241377062,-25.605956346186
2024-10-28 13:47:04,24.850635779184,-25.11385586094
2024-10-28 13:47:15,24.327086142669,-24.626257763636
2024-10-28 13:47:26,23.801650356803,-24.14303088025
2024-10-28 13:47:37,23.274392632683,-23.664052918471
2024-10-28 13:47:47,22.793532352546,-23.232197630612
2024-10-28 13:47:58,22.262955656195,-22.760984835243
2024-10-28 13:48:09,21.730721502229,-22.293661397698
2024-10-28 13:48:20,21.196889295954,-21.830111683493
2024-10-28 13:48:30,20.710242501185,-21.411875448476
2024-10-28 13:48:41,20.173505818696,-20.955202286142
2024-10-28 13:48:52,19.635324310883,-20.501964194298
2024-10-28 13:49:03,19.095747298017,-20.052046841577
2024-10-28 13:49:14,18.604057448409,-19.645821919862
2024-10-28 13:49:24,18.061958968164,-19.201939957405
2024-10-28 13:49:35,17.51861271699,-18.76106282658
2024-10-28 13:49:49,16.825347300228,-18.204120342327
2024-10-28 13:50:00,16.27933466011,-17.769671874295
2024-10-28 13:50:11,15.732227199701,-17.337883602258
2024-10-28 13:50:22,15.184065963363,-16.908649923171
2024-10-28 13:50:33,14.634899277026,-16.481872793937
2024-10-28 13:50:43,14.134819131675,-16.095939655242
2024-10-28 13:50:54,13.583847666874,-15.673571159569
2024-10-28 13:51:05,13.031995823705,-15.253371608907
2024-10-28 13:51:16,12.479301326909,-14.835241261978
2024-10-28 13:51:27,11.925809400887,-14.419087558375
2024-10-28 13:51:38,11.371556627056,-14.004812838085
2024-10-28 13:51:48,10.867067405047,-13.629753707709
2024-10-28 13:51:59,10.311476922292,-13.218809744459
2024-10-28 13:52:10,9.7552449724463,-12.80947783243
2024-10-28 13:52:21,9.1984062267803,-12.401663859164
2024-10-28 13:52:31,8.6916983146617,-12.032167592159
2024-10-28 13:52:42,8.133813149569,-11.627005623918
2024-10-28 13:52:53,7.5754315957942,-11.223100844274
2024-10-28 13:53:04,7.0165949875796,-10.820367907717
2024-10-28 13:53:16,6.4064752610954,-10.382253324144
2024-10-28 13:53:27,5.8467998445295,-9.9816833606967
2024-10-28 13:53:38,5.2867825953945,-9.5820159724008
2024-10-28 13:53:49,4.7264555084185,-9.1831621576462
2024-10-28 13:53:59,4.216832020814,-8.8212041571258
2024-10-28 13:54:10,3.6560188185059,-8.4236702687073
2024-10-28 13:54:23,2.9929776791109,-7.9545805846457
2024-10-28 13:54:34,2.4317629332001,-7.5581730475196
2024-10-28 13:54:44,1.9214582323706,-7.1981379417611
2024-10-28 13:54:55,1.3600334723001,-6.8023892019298
2024-10-28 13:55:06,0.79854652949114,-6.4068611096578
2024-10-28 13:55:17,0.23703644920055,-6.0114726994591
2024-10-28 13:55:28,-0.32446598215069,-5.6161373004852
2024-10-28 13:55:39,-0.88592178556434,-5.2207740636847
2024-10-28 13:55:49,-1.396270369227,-4.8612554793814
2024-10-28 13:56:00,-1.9575442260034,-4.4656037411316
2024-10-28 13:56:11,-2.518674038811,-4.0696774670038
2024-10-28 13:56:22,-3.079620707903,-3.6733955400054
2024-10-28 13:56:33,-3.640353255886,-3.2766708712076
2024-10-28 13:56:43,-4.1498912446244,-2.9155593065246
2024-10-28 13:56:54,-4.7101112278569,-2.5177590108115
2024-10-28 13:57:06,-5.320897207388,-2.0830065605101
2024-10-28 13:57:16,-5.8295608582795,-1.7200088212561
2024-10-28 13:57:27,-6.3887190484726,-1.3198879364945
2024-10-28 13:57:38,-6.9474487770752,-0.91882379409857
2024-10-28 13:57:49,-7.5057178450061,-0.51672686035056
2024-10-28 13:57:59,-8.0128012379184,-0.15021714898416
2024-10-28 13:58:10,-8.5700852182789,0.25409107615751
2024-10-28 13:58:21,-9.1267973008366,0.6596841930249
2024-10-28 13:58:32,-9.6829040962718,1.066654056377
2024-10-28 13:58:43,-10.238363714179,1.475087269428
2024-10-28 13:58:53,-10.742737237723,1.8477389515444
2024-10-28 13:59:04,-11.296858771685,2.2592201284984
2024-10-28 13:59:15,-11.850222845741,2.6724310853175
2024-10-28 13:59:26,-12.402792000039,3.0874660524274
2024-10-28 13:59:37,-12.954522223803,3.5044156108012
2024-10-28 13:59:54,-13.805458699136,4.1527834547262
2024-10-28 14:00:05,-14.354874645163,4.57503943908
2024-10-28 14:00:15,-14.853493995262,4.9608653063067
2024-10-28 14:00:26,-15.400996448384,5.3875134345566
2024-10-28 14:00:37,-15.947436134972,5.8166077528903
2024-10-28 14:00:48,-16.492765243299,6.2482456355704
2024-10-28 14:00:59,-17.036941250731,6.6825303861427
2024-10-28 14:01:10,-17.579920876643,7.119566613601
2024-10-28 14:01:20,-18.072458462258,7.5193449773905
2024-10-28 14:01:31,-18.613021764526,7.961921788332
2024-10-28 14:01:42,-19.152248519856,8.407554085314
2024-10-28 14:01:53,-19.690094187973,8.8563534644684
2024-10-28 14:02:04,-20.226505439878,9.3084264342389
2024-10-28 14:02:14,-20.712868790303,9.7223394345262
2024-10-28 14:02:25,-21.246404747423,10.180975420144
2024-10-28 14:02:36,-21.778360987758,10.643216320491
2024-10-28 14:02:47,-22.308680307828,11.109174559895
2024-10-28 14:02:58,-22.789324415898,11.536099140542
2024-10-28 14:03:08,-23.316372302674,12.009486506175
2024-10-28 14:03:19,-23.841621803717,12.48693732351
2024-10-28 14:03:30,-24.365018920123,12.968577336538
2024-10-28 14:03:41,-24.886500719497,13.454526973071
2024-10-28 14:03:52,-25.406010605617,13.944915454682
2024-10-28 14:04:03,-25.923483015683,14.439866586576
2024-10-28 14:04:14,-26.438858574567,14.939513115865
2024-10-28 14:04:25,-26.952068907866,15.443982249499
2024-10-28 14:04:35,-27.416692927393,15.906890618935
2024-10-28 14:04:46,-27.925588412254,16.420939687355
2024-10-28 14:04:57,-28.432125814578,16.940205603625
2024-10-28 14:05:08,-28.936230719329,17.46482214544
2024-10-28 14:05:19,-29.437834421624,17.994932397307
2024-10-28 14:05:30,-29.936859127438,18.530673364565
2024-10-28 14:05:41,-30.433230768363,19.072189454628
2024-10-28 14:05:52,-30.926873403179,19.619626705686
2024-10-28 14:06:03,-31.417703793974,20.17312662587
2024-10-28 14:06:13,-31.86140778142,20.681696949093
2024-10-28 14:06:24,-32.346644628214,21.247184016879
2024-10-28 14:06:35,-32.828829965747,21.819168924933
2024-10-28 14:06:46,-33.307872783086,22.397798050343
2024-10-28 14:06:57,-33.78368696714,22.983227225544
2024-10-28 14:07:07,-34.213363469837,23.521461145102
2024-10-28 14:07:21,-34.810164388197,24.2848593919
2024-10-28 14:07:32,-35.275076787104,24.892934199318
2024-10-28 14:07:43,-35.736361551706,25.508451194445
2024-10-28 14:07:54,-36.15247524126,26.074596447035
2024-10-28 14:08:04,-36.606547591483,26.704746137035
2024-10-28 14:08:15,-37.056687161697,27.342782756033
2024-10-28 14:08:26,-37.502788691223,27.988864749381
2024-10-28 14:08:37,-37.94473784768,28.643140383918
2024-10-28 14:08:48,-38.382424249802,29.305766350985
2024-10-28 14:08:58,-38.776521478492,29.915522331987
2024-10-28 14:09:09,-39.20574200601,30.594501679393
2024-10-28 14:09:20,-39.630351424439,31.282258995997
2024-10-28 14:09:31,-40.05022909339,31.978943569131
2024-10-28 14:09:42,-40.427721132428,32.62015464756
2024-10-28 14:09:52,-40.838207925627,33.334264249828
2024-10-28 14:10:03,-41.243588095039,34.057702368798
2024-10-28 14:10:14,-41.64372476956,34.790593690188
2024-10-28 14:10:25,-42.038484420338,35.533068628002
2024-10-28 14:10:36,-42.427725193072,36.285241300382
2024-10-28 14:10:47,-42.811308505024,37.047230649861
2024-10-28 14:10:57,-43.154987885308,37.748552069935
2024-10-28 14:11:08,-43.527366501709,38.529567154053
2024-10-28 14:11:19,-43.893660066791,39.320682494744
2024-10-28 14:11:30,-44.253720889645,40.121987072308
2024-10-28 14:11:41,-44.60739391836,40.933548723535
2024-10-28 14:11:51,-44.923243155088,41.680289203006
2024-10-28 14:12:02,-45.264294988598,42.511608057271
2024-10-28 14:12:13,-45.598505289089,43.353337108108
2024-10-28 14:12:26,-45.955111158888,44.283499909105
2024-10-28 14:12:36,-46.274503517697,45.147080362087
2024-10-28 14:12:47,-46.586561163361,46.021122946707
2024-10-28 14:12:58,-46.891119481714,46.905606308494
2024-10-28 14:13:09,-47.188017791244,47.800506024658
2024-10-28 14:13:19,-47.451139050689,48.623044948249
2024-10-28 14:13:30,-47.732958301038,49.537677279757
2024-10-28 14:13:41,-48.006640770539,50.462531515199
2024-10-28 14:13:52,-48.272026004865,51.397513765332
2024-10-28 14:14:03,-48.528950504249,52.342496927619
2024-10-28 14:14:14,-48.777255838604,53.297347412992
2024-10-28 14:14:24,-48.995373413847,54.173814648402
2024-10-28 14:14:35,-49.226782364825,55.147026727638
2024-10-28 14:14:46,-49.449116304705,56.129577448813
2024-10-28 14:14:57,-49.662221854518,57.121235234902
2024-10-28 14:15:08,-49.847822504707,58.030445108058
2024-10-28 14:15:18,-50.042902264443,59.038792121896
2024-10-28 14:15:29,-50.228333352482,60.05547360274
2024-10-28 14:15:40,-50.40397757991,61.080170199494
2024-10-28 14:15:51,-50.569704285256,62.112555302165
2024-10-28 14:16:01,-50.711651127758,63.057453572004
2024-10-28 14:16:12,-50.858096373736,64.103503093863
2024-10-28 14:16:23,-50.994270944578,65.156139068968
2024-10-28 14:16:34,-51.120067132642,66.214952769014
2024-10-28 14:16:45,-51.235382276086,67.279500759879
2024-10-28 14:16:55,-51.331039976227,68.251869755914
2024-10-28 14:17:06,-51.426091455294,69.326101371653
2024-10-28 14:17:17,-51.510409104368,70.404700183858
2024-10-28 14:17:28,-51.583922509533,71.487173967666
2024-10-28 14:17:39,-51.646568735171,72.57300160465
2024-10-28 14:17:49,-51.694044892965,73.562594473896
2024-10-28 14:18:00,-51.735804275921,74.653367242432
2024-10-28 14:18:11,-51.766566670789,75.745949797021
2024-10-28 14:18:22,-51.786305348969,76.839786004037
2024-10-28 14:18:32,-51.794669236327,77.83480935165
2024-10-28 14:18:43,-51.793323893578,78.929513989439
2024-10-28 14:18:54,-51.780932401836,80.023859529884
2024-10-28 14:19:05,-51.757505778839,81.117299598771
2024-10-28 14:19:16,-51.723064908204,82.209275021006
2024-10-28 14:19:27,-51.67763976571,83.29924772918
2024-10-28 14:19:37,-51.626845806718,84.287933637635
2024-10-28 14:19:48,-51.560568690264,85.372585876256
2024-10-28 14:19:59,-51.48344837941,86.453685273359
2024-10-28 14:20:10,-51.395550144212,87.530731125983
2024-10-28 14:20:21,-51.296948988307,88.603220593134
2024-10-28 14:20:31,-51.198092957376,89.57385681316
2024-10-28 14:20:42,-51.079293902095,90.6363404509
2024-10-28 14:20:53,-50.950053923616,91.692918482074
2024-10-28 14:21:04,-50.810476637496,92.743169857668
2024-10-28 14:21:15,-50.660674436391,93.78667771325
2024-10-28 14:21:25,-50.515715663898,94.729149330033
2024-10-28 14:21:36,-50.346724278592,95.758728691408
2024-10-28 14:21:47,-50.167865685207,96.780500150053
2024-10-28 14:21:58,-49.979275175267,97.794130183732
2024-10-28 14:22:08,-49.799499478114,98.708298369167
2024-10-28 14:22:19,-49.592717372133,99.705568155956
2024-10-28 14:22:30,-49.376616928229,100.69388248455
2024-10-28 14:22:41,-49.151349679319,101.67299559297
2024-10-28 14:22:51,-48.938734532612,102.55493490747
2024-10-28 14:23:02,-48.696391649875,103.51591022043
2024-10-28 14:23:13,-48.445334010539,104.46711565522
2024-10-28 14:23:24,-48.185719251082,105.40840450051
2024-10-28 14:23:35,-47.917710217436,106.33963680815
2024-10-28 14:23:45,-47.666915779184,107.17739604754
2024-10-28 14:23:56,-47.383330160441,108.08913846701
2024-10-28 14:24:07,-47.091821542454,108.99055540951
2024-10-28 14:24:18,-46.792555442919,109.88158159897
2024-10-28 14:24:29,-46.485692916226,110.76218210484
2024-10-28 14:24:40,-46.171399031182,111.63232548015
2024-10-28 14:24:50,-45.879364007336,112.41428546677
2024-10-28 14:25:01,-45.551329146887,113.26446096293
2024-10-28 14:25:12,-45.216331981101,114.10419262631
2024-10-28 14:25:23,-44.874528948343,114.93351804054
2024-10-28 14:25:34,-44.526079930045,115.75247500418
2024-10-28 14:25:45,-44.171138082807,116.56112498971
2024-10-28 14:25:55,-43.842961107998,117.28736787336
2024-10-28 14:26:06,-43.476051932525,118.07652776009
2024-10-28 14:26:17,-43.10309464821,118.85559496356
2024-10-28 14:26:28,-42.72423436212,119.62466862659
2024-10-28 14:26:39,-42.339619402487,120.38384447592
2024-10-28 14:26:49,-41.985094933898,121.06550926795
2024-10-28 14:27:00,-41.589885297291,121.8061044256
2024-10-28 14:27:11,-41.189330838606,122.53713544327
2024-10-28 14:27:22,-40.783564620402,123.25873363281
2024-10-28 14:27:32,-40.410278466312,123.90665198873
2024-10-28 14:27:43,-39.99493366344,124.61060372939
2024-10-28 14:27:54,-39.57476106657,125.30550934951
2024-10-28 14:28:05,-39.14988346299,125.99151577266
2024-10-28 14:28:16,-38.720427203204,126.66876269173
2024-10-28 14:28:26,-38.326137683023,127.27696911757
2024-10-28 14:28:37,-37.888270160826,127.93790848837
2024-10-28 14:28:48,-37.446166138402,128.59052432669
2024-10-28 14:28:59,-36.999937077734,129.23497106015
2024-10-28 14:29:10,-36.590790545594,129.81386768344
2024-10-28 14:29:20,-36.136994384381,130.44314009416
2024-10-28 14:29:31,-35.679391143045,131.06468596266
2024-10-28 14:29:42,-35.218080810049,131.67866432598
2024-10-28 14:29:53,-34.753167684686,132.2852251682
2024-10-28 14:30:04,-34.284746921921,132.88452717314
2024-10-28 14:30:14,-33.855949952146,133.42317393385
2024-10-28 14:30:25,-33.38110133192,134.00904055503
2024-10-28 14:30:36,-32.903022170599,134.58808967106
2024-10-28 14:30:47,-32.421798696836,135.16047715016
2024-10-28 14:30:58,-31.981670981562,135.67517186161
2024-10-28 14:31:08,-31.49469130128,136.2352528317
2024-10-28 14:31:19,-31.004816301037,136.78910694908
2024-10-28 14:31:30,-30.512131203799,137.33687715682
2024-10-28 14:31:41,-30.01671210126,137.87871304402
2024-10-28 14:31:51,-29.564027172531,138.36625944593
2024-10-28 14:32:02,-29.063606540404,138.89716119279
2024-10-28 14:32:13,-28.560676807502,139.42253956322
2024-10-28 14:32:24,-28.055306880204,139.94253787773
2024-10-28 14:32:35,-27.547571345624,140.45729014278
2024-10-28 14:32:45,-27.083997315767,140.92081078907
2024-10-28 14:32:56,-26.571931164322,141.42592989008
2024-10-28 14:33:07,-26.057696481463,141.92619420265
2024-10-28 14:33:18,-25.541354244182,142.42173848556
2024-10-28 14:33:28,-25.070179801397,142.86824322314
2024-10-28 14:33:44,-24.312904890717,143.57499608416
2024-10-28 14:33:55,-23.78993630015,144.05559708534
2024-10-28 14:34:06,-23.265130022524,144.53202627248
2024-10-28 14:34:17,-22.738539685754,145.00440898511
2024-10-28 14:34:27,-22.25832365076,145.43043465047
2024-10-28 14:34:38,-21.728486264323,145.89542125573
2024-10-28 14:34:49,-21.197029105241,146.35670296668
2024-10-28 14:35:00,-20.664001242689,146.81439857514
2024-10-28 14:35:11,-20.129458478541,147.2686185684
2024-10-28 14:35:22,-19.59344779065,147.71947855441
2024-10-28 14:35:32,-19.104936850499,148.12652601375
2024-10-28 14:35:43,-18.566267272948,148.57127298109
2024-10-28 14:35:54,-18.02627237552,149.01297804661
2024-10-28 14:36:05,-17.485003387588,149.45174452826
2024-10-28 14:36:15,-16.991870273814,149.8481648034
2024-10-28 14:36:26,-16.448293453807,150.28161526457
2024-10-28 14:36:37,-15.903571489356,150.71243260401
2024-10-28 14:36:48,-15.357752571025,151.14071505865
2024-10-28 14:36:59,-14.810876206445,151.56656592893
2024-10-28 14:37:09,-14.312837677308,151.95167372089
2024-10-28 14:37:20,-13.764064742176,152.37315340024
2024-10-28 14:37:31,-13.214361190719,152.79248323484
2024-10-28 14:37:42,-12.663766054011,153.20976056492
2024-10-28 14:37:53,-12.112317792285,153.62508168693
2024-10-28 14:38:03,-11.610297901646,154.00102520227
2024-10-28 14:38:14,-11.057335302399,154.41286854952
2024-10-28 14:38:25,-10.503638463689,154.82302302889
2024-10-28 14:38:36,-9.9492419004006,155.23158287529
2024-10-28 14:38:47,-9.3941878092095,155.63863553384
2024-10-28 14:38:57,-8.8890503891037,156.00745390485
2024-10-28 14:39:08,-8.3328416395611,156.41188047704
2024-10-28 14:39:19,-7.7760800828111,156.81506176649
2024-10-28 14:39:30,-7.2188065199084,157.21708254847
2024-10-28 14:39:40,-6.7117785932591,157.58162368478
2024-10-28 14:39:51,-6.1536225555975,157.98167474798
2024-10-28 14:40:02,-5.5950597379431,158.38081734185
2024-10-28 14:40:13,-5.0361217413492,158.77914006996
2024-10-28 14:40:24,-4.4768481323037,159.17672528683
2024-10-28 14:40:35,-3.9172701114577,159.573660798
2024-10-28 14:40:46,-3.3574269002773,159.97002826854
2024-10-28 14:40:56,-2.8482738349789,160.32994317191
2024-10-28 14:41:07,-2.288017498047,160.72546281427
2024-10-28 14:41:18,-1.7275933440711,161.12066187051
2024-10-28 14:41:29,-1.1670401757942,161.51562115281
2024-10-28 14:41:40,-0.60638854152539,161.91042713892
2024-10-28 14:41:51,-0.045677158535088,162.30516045736
2024-10-28 14:42:02,0.51506346938904,162.69990748446
2024-10-28 14:42:12,1.0248204684307,163.05884814501
2024-10-28 14:42:23,1.5855148090834,163.4538490689
2024-10-28 14:42:34,2.1461375820296,163.84910682198
2024-10-28 14:42:45,2.7066499131371,164.24470230747
2024-10-28 14:42:55,3.2160854151397,164.60470113767
2024-10-28 14:43:06,3.7762938886136,165.00117753642
2024-10-28 14:43:17,4.3362942300023,165.39823954141
2024-10-28 14:43:28,4.8960470649732,165.79596901377
2024-10-28 14:43:38,5.4046706276264,166.15819348006
2024-10-28 14:43:49,5.9638582594042,166.55743814541
2024-10-28 14:44:00,6.5226946314566,166.95759904205
2024-10-28 14:44:11,7.0811477034775,167.35876550302
2024-10-28 14:44:22,7.6391769876706,167.76102152653
2024-10-28 14:44:32,8.146081707489,168.12773081285
2024-10-28 14:44:43,8.7032036567776,168.5323132169
2024-10-28 14:44:54,9.259798213657,168.93824444097
2024-10-28 14:45:05,9.8158235989985,169.34561093428
2024-10-28 14:45:15,10.320779241322,169.71726836677
2024-10-28 14:45:26,10.875615754115,170.12762878926
2024-10-28 14:45:37,11.429775124868,170.53969199534
2024-10-28 14:45:48,11.983213901236,170.95354755318
2024-10-28 14:45:58,12.485683134275,171.33141532859
2024-10-28 14:46:09,13.037640891312,171.74895749882
2024-10-28 14:46:20,13.588760516946,172.16856671375
2024-10-28 14:46:31,14.139004538941,172.59034246748
2024-10-28 14:46:41,14.638427737841,172.97573446035
2024-10-28 14:46:52,15.186878826359,173.40191514562
2024-10-28 14:47:03,15.734325984148,173.83054613599
2024-10-28 14:47:14,16.280729159474,174.26173150358
2024-10-28 14:47:25,16.826039569617,174.69557029018
2024-10-28 14:47:35,17.320791643404,175.09236031565
2024-10-28 14:47:46,17.863894519928,175.5315578629
2024-10-28 14:47:57,18.405769902836,175.97371364984
2024-10-28 14:48:08,18.946373798481,176.41893843036
2024-10-28 14:48:19,19.485653398142,176.86733792637
2024-10-28 14:48:30,20.023562859041,177.31902589518
2024-10-28 14:48:41,20.560047488322,177.77411104407
2024-10-28 14:48:52,21.095059443506,178.23271028427
2024-10-28 14:49:03,21.580108286713,178.65276217107
2024-10-28 14:49:13,22.112157453238,179.11838818746
2024-10-28 14:49:24,22.642573346653,179.58786456982
2024-10-28 14:49:35,23.171303754605,-179.93868563071
2024-10-28 14:49:46,23.698287508598,-179.46114330945
2024-10-28 14:49:56,24.175800566558,-179.02335738835
2024-10-28 14:50:07,24.699291725555,-178.53765339499
2024-10-28 14:50:18,25.220862276835,-178.04749320073
2024-10-28 14:50:29,25.740453585615,-177.55274456799
2024-10-28 14:50:39,26.211034866168,-177.09888469336
2024-10-28 14:50:50,26.726665349613,-176.59501597333
2024-10-28 14:51:01,27.24012282802,-176.08617796617
2024-10-28 14:51:12,27.751342743669,-175.57223125493
2024-10-28 14:51:22,28.214084465449,-175.10046131073
2024-10-28 14:51:33,28.720833481355,-174.57638190283
2024-10-28 14:51:44,29.225133083921,-174.04679273107
2024-10-28 14:51:55,29.726910193916,-173.51154931822
2024-10-28 14:52:05,30.180819696378,-173.01993430136
2024-10-28 14:52:16,30.677566406061,-172.47349444984
2024-10-28 14:52:27,31.171563881779,-171.92097417254
2024-10-28 14:52:38,31.662726155326,-171.36222865403
2024-10-28 14:52:49,32.150972437829,-170.79710350159
2024-10-28 14:52:59,32.592226562947,-170.27769320086
2024-10-28 14:53:10,33.074660638914,-169.69997042797
2024-10-28 14:53:21,33.55391768772,-169.11542758659
2024-10-28 14:53:32,34.029908409058,-168.52390539175
2024-10-28 14:53:42,34.459709925251,-167.97997395038
2024-10-28 14:53:53,34.929193870486,-167.37470030197
2024-10-28 14:54:04,35.395128328438,-166.76199179623
2024-10-28 14:54:15,35.857407896848,-166.14169537282
2024-10-28 14:54:25,36.274405909602,-165.57106780833
2024-10-28 14:54:36,36.729419042975,-164.93584314988
2024-10-28 14:54:47,37.180469776265,-164.292567513
2024-10-28 14:54:58,37.627442959952,-163.64108875211
2024-10-28 14:55:09,38.070227403757,-162.98124609688
2024-10-28 14:55:19,38.469022643248,-162.37400495888
2024-10-28 14:55:30,38.903478293913,-161.69777320843
2024-10-28 14:55:41,39.333397102599,-161.01273155305
2024-10-28 14:55:52,39.758651034847,-160.3187356276
2024-10-28 14:56:02,40.141093214753,-159.67993152318
2024-10-28 14:56:13,40.557087897007,-158.96843154999
2024-10-28 14:56:24,40.968042105769,-158.2475544981
2024-10-28 14:56:35,41.373817407322,-157.51716942133
2024-10-28 14:56:45,41.738096707026,-156.8448161544
2024-10-28 14:56:56,42.13360220692,-156.09591331502
2024-10-28 14:57:07,42.523522754744,-155.33712919286
2024-10-28 14:57:18,42.907709891054,-154.56835460051
2024-10-28 14:57:29,43.286018344735,-153.78947623154
2024-10-28 14:57:39,43.624704870296,-153.07255779604
2024-10-28 14:57:50,43.991366569395,-152.27412832222
2024-10-28 14:58:01,44.351705449692,-151.46532841772
2024-10-28 14:58:12,44.705561990291,-150.64609082701
2024-10-28 14:58:23,45.052779933481,-149.81634711068
2024-10-28 14:58:33,45.362534542775,-149.05287979836
2024-10-28 14:58:44,45.696628819588,-148.20295368973
2024-10-28 14:58:55,46.023610237775,-147.34241458624
2024-10-28 14:59:06,46.343316282341,-146.47124364075
2024-10-28 14:59:16,46.627503190948,-145.67005107973
2024-10-28 14:59:27,46.93285495794,-144.77861184999
2024-10-28 14:59:38,47.230446435922,-143.87659167997
2024-10-28 14:59:49,47.520107855659,-142.96404749412
2024-10-28 14:59:59,47.776415996408,-142.12538015055
2024-10-28 15:00:10,48.05047514164,-141.19294431136
2024-10-28 15:00:21,48.31611986509,-140.25022993453
2024-10-28 15:00:32,48.573182466114,-139.29736937208
2024-10-28 15:00:42,48.799291885891,-138.42244389048
2024-10-28 15:00:53,49.039517135367,-137.45063132871
2024-10-28 15:01:04,49.270688026857,-136.46915515949
2024-10-28 15:01:15,49.492647051415,-135.47822204874
2024-10-28 15:01:26,49.705237203143,-134.47807230913
2024-10-28 15:01:36,49.890244483927,-133.56105522756
2024-10-28 15:01:47,50.084531197218,-132.544033695
2024-10-28 15:01:58,50.269019221776,-131.51859731509
2024-10-28 15:02:09,50.443567512698,-130.48507687872
2024-10-28 15:02:19,50.593510289667,-129.53878115775
2024-10-28 15:02:30,50.748715020549,-128.49080036581
2024-10-28 15:02:41,50.893605630082,-127.43579670606
2024-10-28 15:02:52,51.028063968865,-126.37418779612
2024-10-28 15:03:03,51.151980792762,-125.30639634575
2024-10-28 15:03:13,51.25539731096,-124.33069681251
2024-10-28 15:03:24,51.358908694607,-123.25237925373
2024-10-28 15:03:35,51.451600586934,-122.16923906517
2024-10-28 15:03:46,51.533392707299,-121.08178481221
2024-10-28 15:03:57,51.60421474497,-119.99052384917
2024-10-28 15:04:08,51.664004260716,-118.89599254517
2024-10-28 15:04:18,51.70874060465,-117.89857235951
2024-10-28 15:04:29,51.747330220278,-116.79929704345
2024-10-28 15:04:40,51.774760896781,-115.69833869774
2024-10-28 15:04:51,51.791007791924,-114.59626781899
2024-10-28 15:05:02,51.796056279138,-113.49364277564
2024-10-28 15:05:12,51.790923931588,-112.49126056556
2024-10-28 15:05:24,51.772548714442,-111.289019833
2024-10-28 15:05:35,51.744013093755,-110.18815647346
2024-10-28 15:05:46,51.704319510587,-109.08900399386
2024-10-28 15:05:57,51.653503082335,-107.99212642758
2024-10-28 15:06:07,51.597691372324,-106.99739652248
2024-10-28 15:06:18,51.52577129908,-105.90636363086
2024-10-28 15:06:29,51.442883855076,-104.81917073919
2024-10-28 15:06:41,51.340036299726,-103.63811748354
2024-10-28 15:06:52,51.234456977794,-102.56059001038
2024-10-28 15:07:03,51.118157494035,-101.48843499449
2024-10-28 15:07:14,50.991235686322,-100.42212441791
2024-10-28 15:07:25,50.853795196175,-99.362095771453
2024-10-28 15:07:37,50.705948779254,-98.308782208721
2024-10-28 15:10:08,47.670649229767,-84.620685015
2024-10-28 15:10:18,47.411419500683,-83.785194352939
2024-10-28 15:10:29,47.118590834912,-82.87615904906
2024-10-28 15:10:40,46.817885214066,-81.97767088904
2024-10-28 15:10:51,46.509467855053,-81.089767610104
2024-10-28 15:11:02,46.193508037888,-80.21248298999
2024-10-28 15:11:14,45.870169814117,-79.345821705373
2024-10-28 15:11:25,45.509219298066,-78.412490878311
2024-10-28 15:11:35,45.202023479816,-77.644350440923
2024-10-28 15:11:46,44.857542677195,-76.809489303801
2024-10-28 15:11:57,44.506337471347,-75.985151202784
2024-10-28 15:12:09,44.148570105519,-75.171285099646
2024-10-28 15:12:20,43.750977001175,-74.295287931004
2024-10-28 15:12:33,43.34596403635,-73.431568848171
2024-10-28 15:12:44,42.933727531788,-72.580006209963
2024-10-28 15:12:55,42.54966804558,-71.809981939037
2024-10-28 15:13:07,42.159851417554,-71.049957728004
2024-10-28 15:13:18,41.728205579168,-70.232117748385
2024-10-28 15:13:30,41.290068015053,-69.425886727156
2024-10-28 15:13:41,40.882895889077,-68.696901038889
2024-10-28 15:13:54,40.3950490183,-67.847595547788
2024-10-28 15:14:05,39.976786579158,-67.139130076259
2024-10-28 15:14:16,39.553654056647,-66.439849433856
2024-10-28 15:14:28,39.08664914902,-65.687297347441
2024-10-28 15:14:39,38.653744689667,-65.006743881571
2024-10-28 15:14:50,38.216357491288,-64.334913007264
2024-10-28 15:15:02,37.734240904505,-63.6117809255
2024-10-28 15:15:12,37.328621903092,-63.016816546825
2024-10-28 15:15:23,36.878507233099,-62.370240928118
2024-10-28 15:15:34,36.424377188456,-61.731768768079
2024-10-28 15:15:46,35.924516501149,-61.044316253659
2024-10-28 15:15:57,35.462347615126,-60.422283988222
2024-10-28 15:16:09,34.996499501771,-59.807872754797
2024-10-28 15:16:22,34.398438575374,-59.036663373972
2024-10-28 15:16:33,33.924600623091,-58.43897959703
2024-10-28 15:16:44,33.447410207791,-57.848402423003
2024-10-28 15:16:55,32.966958642499,-57.264771709848
2024-10-28 15:17:06,32.48334197649,-56.687936820439
2024-10-28 15:17:16,32.04101646059,-56.169305055974
2024-10-28 15:17:27,31.551602945453,-55.605013697632
2024-10-28 15:17:38,31.059277537298,-55.047069772028
2024-10-28 15:17:49,30.564127994781,-54.495327221509
2024-10-28 15:18:01,30.020836704424,-53.900320089991
2024-10-28 15:18:13,29.474385844304,-53.312324811614
2024-10-28 15:18:25,28.924873036212,-52.731148766147
2024-10-28 15:18:36,28.418550594146,-52.204238721936
2024-10-28 15:18:47,27.909812014799,-51.682760124012
2024-10-28 15:18:59,27.35215821576,-51.119908882228
2024-10-28 15:19:10,26.885381732692,-50.655546677404
2024-10-28 15:19:21,26.36982981007,-50.149537088609
2024-10-28 15:19:32,25.804975541779,-49.603090515811
2024-10-28 15:19:45,25.237668250211,-49.062285759284
2024-10-28 15:19:57,24.667987548265,-48.526949357559
2024-10-28 15:20:08,24.096016722436,-47.996915843478
2024-10-28 15:20:21,23.521837133541,-47.472022210449
2024-10-28 15:20:32,22.945522477764,-46.952102692014
2024-10-28 15:20:43,22.415426463083,-46.479745915856
2024-10-28 15:20:53,21.932066717922,-46.053738452111
2024-10-28 15:21:04,21.398827703179,-45.588772201609
2024-10-28 15:21:15,20.86402061821,-45.127503095918
2024-10-28 15:21:26,20.32770306488,-44.669818151695
2024-10-28 15:21:37,19.789923738758,-44.215599285839
2024-10-28 15:21:48,19.250738160694,-43.764736676728
2024-10-28 15:21:59,18.710192980738,-43.317115437155
2024-10-28 15:22:10,18.168341791933,-42.872628772676
2024-10-28 15:22:21,17.625229351562,-42.431164844816
2024-10-28 15:22:32,17.080907471289,-41.992619740316
2024-10-28 15:22:43,16.535419161602,-41.556884512342
2024-10-28 15:22:54,15.988814592672,-41.123857973912
2024-10-28 15:23:05,15.441135167675,-40.693433905123
2024-10-28 15:23:17,14.842497941855,-40.226732582549
2024-10-28 15:23:28,14.292718736241,-39.801425941123
2024-10-28 15:23:39,13.742004448679,-39.378414285538
2024-10-28 15:23:50,13.190393603562,-38.957596438468
2024-10-28 15:24:01,12.637932170839,-38.538878500275
2024-10-28 15:24:12,12.084657455876,-38.122161490117
2024-10-28 15:24:23,11.530614292946,-37.707353555353
2024-10-28 15:24:35,10.925370294866,-37.256899642396
2024-10-28 15:24:46,10.369845638398,-36.845777789673
2024-10-28 15:24:57,9.8136713084979,-36.436274610426
2024-10-28 15:25:09,9.2568901607635,-36.028301895195
2024-10-28 15:25:20,8.6488413704361,-35.584876956541
2024-10-28 15:25:32,8.0401649613734,-35.143049138656
2024-10-28 15:25:43,7.4816978851797,-34.739341861743
2024-10-28 15:25:55,6.8719484495101,-34.300249137978
2024-10-28 15:26:07,6.2617122846678,-33.862419485973
2024-10-28 15:26:18,5.7019380760164,-33.462085896142
2024-10-28 15:26:29,5.1418313598006,-33.062632563509
2024-10-28 15:26:39,4.6323832587598,-32.700183280688
2024-10-28 15:26:50,4.071735671638,-32.302167830121
2024-10-28 15:27:01,3.5108598190824,-31.904783678336
2024-10-28 15:27:12,2.9497870627112,-31.507943051985
2024-10-28 15:27:23,2.3885568198601,-31.111564279692
2024-10-28 15:27:34,1.8272001694951,-30.715560135108
2024-10-28 15:27:45,1.2657562956966,-30.319849392885
2024-10-28 15:27:56,0.70425608485153,-29.924345196335
2024-10-28 15:28:07,0.14273857522628,-29.528966593955
2024-10-28 15:28:18,-0.41876545020452,-29.133626921792
2024-10-28 15:28:28,-0.92917914773165,-28.774192973991
2024-10-28 15:28:40,-1.5415853422569,-28.342735171736
2024-10-28 15:28:51,-2.1028314336002,-27.947015526836
2024-10-28 15:29:02,-2.6639244438308,-27.550999587411
2024-10-28 15:29:13,-3.2248252515031,-27.154606193086
2024-10-28 15:29:24,-3.7855028512145,-26.757748198783
2024-10-28 15:29:35,-4.3459179196244,-26.3603440313
2024-10-28 15:29:46,-4.9060391983757,-25.962306032094
2024-10-28 15:29:57,-5.4658270740478,-25.56355204338
2024-10-28 15:30:07,-5.9744077561038,-25.200353828339
2024-10-28 15:30:18,-6.5334657943687,-24.799991136082
2024-10-28 15:30:29,-7.0920860016693,-24.398662771485
2024-10-28 15:30:40,-7.6502361095424,-23.996279065298
2024-10-28 15:30:51,-8.2078754085243,-23.592755695028
2024-10-28 15:31:02,-8.7649710552957,-23.188001865719
2024-10-28 15:31:14,-9.3720452593135,-22.744946884039
2024-10-28 15:31:25,-9.9278771287916,-22.337338208
2024-10-28 15:31:36,-10.483047053485,-21.928224925493
2024-10-28 15:31:47,-11.037518671127,-21.517514872973
2024-10-28 15:31:58,-11.591249113343,-21.105119596303
2024-10-28 15:32:09,-12.144203168555,-20.690943776107
2024-10-28 15:32:20,-12.696337053394,-20.274897252554
2024-10-28 15:32:30,-13.247614564353,-19.856882861235
2024-10-28 15:32:41,-13.747995104151,-19.475084700444
2024-10-28 15:32:52,-14.29752016913,-19.05305145298
2024-10-28 15:33:03,-14.846064639308,-18.628773908488
2024-10-28 15:33:14,-15.393590042896,-18.202150788474
2024-10-28 15:33:25,-15.94004924427,-17.773085897515
2024-10-28 15:33:36,-16.485402433221,-17.341475596418
2024-10-28 15:33:47,-16.980177488272,-16.946810853451
2024-10-28 15:33:57,-17.52328916078,-16.510062187308
2024-10-28 15:34:08,-18.065163222705,-16.070468603487
2024-10-28 15:34:19,-18.605748947411,-15.627927797645
2024-10-28 15:34:30,-19.145002687783,-15.182329630928
2024-10-28 15:34:40,-19.634033407484,-14.774498932247
2024-10-28 15:34:53,-20.268005644188,-14.240272916854
2024-10-28 15:35:04,-20.802825700816,-13.784538434252
2024-10-28 15:35:15,-21.336105624023,-13.325297406195
2024-10-28 15:35:25,-21.819526851567,-12.904664787854
2024-10-28 15:35:36,-22.349725704388,-12.438405304654
2024-10-28 15:35:47,-22.878228920318,-11.968301816525
2024-10-28 15:36:00,-23.500565438521,-11.407602361161
2024-10-28 15:36:12,-24.072780312446,-10.884945428342
2024-10-28 15:36:23,-24.595345136097,-10.401413782385
2024-10-28 15:36:34,-25.11597191498,-9.9135136325167
2024-10-28 15:36:44,-25.634595836322,-9.4211221172297
2024-10-28 15:36:55,-26.104283477656,-8.9694864835832
2024-10-28 15:37:06,-26.618914879314,-8.4681579651188
2024-10-28 15:37:18,-27.177834741396,-7.9156947177178
2024-10-28 15:37:29,-27.687816668689,-7.4040316464284
2024-10-28 15:37:40,-28.195472963649,-6.8872153994886
2024-10-28 15:37:51,-28.700729969991,-6.3651129677586
2024-10-28 15:38:02,-29.203519781456,-5.8375820586426
2024-10-28 15:38:13,-29.703765408992,-5.3044864049971
2024-10-28 15:38:24,-30.201393625735,-4.765682345523
2024-10-28 15:38:36,-30.741186876817,-4.1712154218325
2024-10-28 15:38:47,-31.233093489328,-3.620008676749
2024-10-28 15:38:59,-31.722137180935,-3.0626477404483
2024-10-28 15:39:10,-32.208238730143,-2.4989807555867
2024-10-28 15:39:21,-32.735071980978,-1.8767088979516
2024-10-28 15:39:32,-33.214741526859,-1.2993777325779
2024-10-28 15:39:43,-33.691196490637,-0.71528025827348
2024-10-28 15:39:54,-34.16434898381,-0.12425985682909
2024-10-28 15:40:05,-34.634101950881,0.47383228543538
2024-10-28 15:40:16,-35.100362965436,1.0791543159808
2024-10-28 15:40:26,-35.521120963957,1.635846987985
2024-10-28 15:40:38,-36.022007229117,2.3120964341909
2024-10-28 15:40:49,-36.477187040645,2.9400255215197
2024-10-28 15:41:00,-36.887604966629,3.5176742334914
2024-10-28 15:41:10,-37.335246175126,4.1607167410566
2024-10-28 15:41:21,-37.778777021284,4.811895544488
2024-10-28 15:41:32,-38.218088093055,5.4713677631275
2024-10-28 15:41:43,-38.653060960671,6.1392796374436
2024-10-28 15:41:54,-39.08358100782,6.8157854836369
2024-10-28 15:42:05,-39.509524689916,7.5010277772707
2024-10-28 15:42:16,-39.930772118627,8.1951565533408
2024-10-28 15:42:27,-40.347194596219,8.8983089282828
2024-10-28 15:42:38,-40.721468672963,9.5454907630493
2024-10-28 15:42:48,-41.128324563016,10.26625744534
2024-10-28 15:42:59,-41.529978282266,10.996446166601
2024-10-28 15:43:10,-41.926291158049,11.736178104022
2024-10-28 15:43:21,-42.317127830913,12.485579852848
2024-10-28 15:43:33,-42.702344706177,13.24476118088
2024-10-28 15:43:44,-43.116006553205,14.084245770483
2024-10-28 15:43:54,-43.455349758439,14.792901145594
2024-10-28 15:44:05,-43.822843265498,15.582051988624
2024-10-28 15:44:16,-44.184133313867,16.381376755788
2024-10-28 15:44:28,-44.57101241275,17.265055491196
2024-10-28 15:44:39,-44.918833934142,18.085876400433
2024-10-28 15:44:50,-45.259975869166,18.917071464045
2024-10-28 15:45:01,-45.594278131259,19.758676430977
2024-10-28 15:45:12,-45.921582920259,20.61072358689
2024-10-28 15:45:23,-46.241731053501,21.473231986111
2024-10-28 15:45:34,-46.554558775434,22.3461969918
2024-10-28 15:45:44,-46.832460898921,23.14887077848
2024-10-28 15:45:55,-47.130864432754,24.041754007515
2024-10-28 15:46:06,-47.421476301603,24.945016752293
2024-10-28 15:46:17,-47.704131107733,25.858590723749
2024-10-28 15:46:28,-47.978667857859,26.782402794042
2024-10-28 15:46:38,-48.221063648589,27.631027904283
2024-10-28 15:46:49,-48.479649701072,28.574088646784
2024-10-28 15:47:00,-48.729645613752,29.527038831314
2024-10-28 15:47:11,-48.970894176994,30.489728200809
2024-10-28 15:47:22,-49.203236514947,31.461971269612
2024-10-28 15:47:32,-49.406598830841,32.353954416583
2024-10-28 15:47:43,-49.621513316216,33.343872541603
2024-10-28 15:47:54,-49.827079303272,34.342700837781
2024-10-28 15:48:05,-50.023152610543,35.350181864607
2024-10-28 18:10:16,18.869430624313,-90.616028647723
2024-10-28 18:27:43,18.327948607612,-90.17062155122
2024-10-28 18:27:54,17.78519096523,-89.72826904474
2024-10-28 18:28:04,17.290711814581,-89.328693266528
2024-10-28 18:28:15,16.745657502567,-88.891879444701
2024-10-28 18:28:26,16.19946512281,-88.457811217092
2024-10-28 18:28:37,15.65218437134,-88.026388198342
2024-10-28 18:28:47,15.103856187454,-87.597504968434
2024-10-28 18:28:58,14.604507692807,-87.209732698551
2024-10-28 18:29:09,14.054305886718,-86.785421702308
2024-10-28 18:29:20,13.503187397313,-86.363363100805
2024-10-28 18:29:31,12.951190478069,-85.94345620304
2024-10-28 18:29:41,12.398360846662,-85.525607563081
2024-10-28 18:29:52,11.895098516553,-85.147449420916
2024-10-28 18:30:03,11.34078696025,-84.733261448842
2024-10-28 18:30:14,10.785760779767,-84.320856696877
2024-10-28 18:30:25,10.230055504954,-83.91013944959
2024-10-28 18:30:35,9.7243159503797,-83.538149742476
2024-10-28 18:30:46,9.1674263656247,-83.130402668798
2024-10-28 18:30:57,8.609974366353,-82.724081200276
2024-10-28 18:31:08,8.0519937882502,-82.319092806053
2024-10-28 18:31:19,7.4935262604484,-81.915351584548
2024-10-28 18:31:29,6.9346049042604,-81.512766367379
2024-10-28 18:31:40,6.4261352562155,-81.147711701899
2024-10-28 18:31:51,5.866453591387,-80.747093414735
2024-10-28 18:32:02,5.306428713181,-80.34738072624
2024-10-28 18:32:13,4.7460946798319,-79.948486069158
2024-10-28 18:32:24,4.1854853209722,-79.550322320599
2024-10-28 18:32:34,3.6246404170535,-79.152807113471
2024-10-28 18:32:45,3.1146028734533,-78.791918112037
2024-10-28 18:32:57,2.5534028287631,-78.395402649753
2024-10-28 18:33:08,1.9410302840527,-77.963293208056
2024-10-28 18:33:18,1.4306315990347,-77.603488488903
2024-10-28 18:33:29,0.8691305432407,-77.207921600789
2024-10-28 18:33:40,0.30760188907093,-76.812504886899
2024-10-28 18:33:51,-0.25392356725277,-76.417151661095
2024-10-28 18:34:01,-0.76436566751105,-76.057726694484
2024-10-28 18:34:12,-1.3257842470145,-75.662264869534
2024-10-28 18:34:23,-1.8870940458767,-75.266625747508
2024-10-28 18:34:34,-2.448262186968,-74.870724008237
2024-10-28 18:34:45,-3.0092557302847,-74.474474200179
2024-10-28 18:34:55,-3.5190653783623,-74.113876676822
2024-10-28 18:35:06,-4.0796241949329,-73.716731221283
2024-10-28 18:35:17,-4.6399019663374,-73.318995099927
2024-10-28 18:35:28,-5.1998673489883,-72.920580484905
2024-10-28 18:35:38,-5.7594806344745,-72.521405031367
2024-10-28 18:35:51,-6.3695284061244,-72.084969526892
2024-10-28 18:36:02,-6.928293815257,-71.683922926295
2024-10-28 18:36:12,-7.4358651279983,-71.318443332313
2024-10-28 18:36:23,-7.9937178876801,-70.915357746977
2024-10-28 18:36:34,-8.551041216195,-70.511075441318
2024-10-28 18:36:45,-9.1077939159489,-70.105511147438
2024-10-28 18:36:56,-9.6639426035366,-69.698573025252
2024-10-28 18:37:06,-10.168972933042,-69.327364269207
2024-10-28 18:37:17,-10.723857256369,-68.91755839013
2024-10-28 18:37:28,-11.278026458451,-68.506116036403
2024-10-28 18:37:39,-11.831437476858,-68.09294839247
2024-10-28 18:37:50,-12.384054889774,-67.677959747458
2024-10-28 18:38:00,-12.935834696543,-67.261059542613
2024-10-28 18:38:11,-13.436695758864,-66.88031803834
2024-10-28 18:38:22,-13.986767509478,-66.459502221664
2024-10-28 18:38:33,-14.535886406047,-66.036493947294
2024-10-28 18:38:44,-15.084006295028,-65.61119875614
2024-10-28 18:38:55,-15.631088420032,-65.183514865188
2024-10-28 18:39:06,-16.177085353816,-64.753345571315
2024-10-28 18:39:17,-16.721956974262,-64.320586693594
2024-10-28 18:39:27,-17.216277222891,-63.924839000739
2024-10-28 18:39:38,-17.758869577306,-63.486855892017
2024-10-28 18:39:49,-18.300204041921,-63.045982037941
2024-10-28 18:40:00,-18.840229529111,-62.602114541425
2024-10-28 18:40:10,-19.378902007497,-62.155142635197
2024-10-28 18:40:21,-19.867385733692,-61.746021729449
2024-10-28 18:40:32,-20.403334937819,-61.292822530437
2024-10-28 18:40:43,-20.93778243181,-60.836201141283
2024-10-28 18:40:54,-21.470680458089,-60.376040892673
2024-10-28 18:41:05,-22.001972415886,-59.912230254948
2024-10-28 18:41:15,-22.483529982163,-59.48731520668
2024-10-28 18:41:26,-23.011609258025,-59.016207578574
2024-10-28 18:41:37,-23.537924840847,-58.541104465293
2024-10-28 18:41:48,-24.062421507641,-58.061882820473
2024-10-28 18:41:59,-24.585037045739,-57.578423173083
2024-10-28 18:42:10,-25.105715620485,-57.090597302235
2024-10-28 18:42:20,-25.577324441802,-56.643227039339
2024-10-28 18:42:31,-26.141008942894,-56.101346647049
2024-10-28 18:42:42,-26.608815610397,-55.645470929318
2024-10-28 18:42:53,-27.121316842435,-55.139355029902
2024-10-28 18:43:04,-27.631564370106,-54.628239385095
2024-10-28 18:43:14,-28.139493761591,-54.111985352711
2024-10-28 18:43:25,-28.599174337836,-53.638092832855
2024-10-28 18:43:36,-29.148109959491,-53.063521511971
2024-10-28 18:43:47,-29.648652235287,-52.53103349316
2024-10-28 18:43:58,-30.146587141373,-51.992850572595
2024-10-28 18:44:09,-30.641834350463,-51.448833536969
2024-10-28 18:44:19,-31.089662481668,-50.949086341279
2024-10-28 18:44:30,-31.579564205764,-50.393522701878
2024-10-28 18:44:41,-32.066544443119,-49.831700153058
2024-10-28 18:44:52,-32.550522526763,-49.263465878697
2024-10-28 18:45:02,-33.031408632861,-48.688674115506
2024-10-28 18:45:13,-33.465823805889,-48.16031457678
2024-10-28 18:45:24,-33.940563169896,-47.572579789861
2024-10-28 18:45:35,-34.411950898224,-46.977841290908
2024-10-28 18:45:46,-34.879888753698,-46.375949930897
2024-10-28 18:45:57,-35.344283077766,-45.766747261817
2024-10-28 18:46:07,-35.805031055474,-45.150083334854
2024-10-28 18:46:18,-36.220646352183,-44.582870633254
2024-10-28 18:46:29,-36.674151651602,-43.951529075475
2024-10-28 18:46:40,-37.123709421628,-43.312274784786
2024-10-28 18:46:51,-37.569212345659,-42.664951689966
2024-10-28 18:47:02,-37.970599844793,-42.069349633282
2024-10-28 18:47:12,-38.368458828972,-41.466838282999
2024-10-28 18:47:23,-38.801920236059,-40.795966374295
2024-10-28 18:47:34,-39.230887377639,-40.116449109553
2024-10-28 18:47:45,-39.655235814694,-39.428144810885
2024-10-28 18:47:55,-40.074844739051,-38.730904340214
2024-10-28 20:16:36,-29.645502847325,-76.117955302842
2024-10-28 20:16:47,-30.14345869081,-75.579803586743
2024-10-28 20:16:58,-30.638730880146,-75.035814577411
2024-10-28 20:17:08,-31.086580432432,-74.53609534028
2024-10-28 20:17:19,-31.576506127371,-73.980563209103
2024-10-28 20:17:30,-32.063510771298,-73.418772962209
2024-10-28 20:17:41,-32.547513706776,-72.850571787513
2024-10-28 20:17:52,-33.028425119392,-72.275813924648
2024-10-28 20:18:02,-33.506160148266,-71.694344144614
2024-10-28 20:18:13,-33.937629267639,-71.159786549812
2024-10-28 20:18:24,-34.409041964425,-70.565086479998
2024-10-28 20:18:35,-34.877008718796,-69.963229978254
